5.921052631578946901e-01,1.778656126482213440e-01,7.956989247311825331e-01,2.525773195876288568e-01,4.347826086956522174e-01,5.586206896551725309e-01,6.882352941176470562e-01,4.200000000000000400e-01,2.974683544303797222e-01,2.832764505119453879e-01,4.959349593495935848e-01,5.698113207547168546e-01,4.866612772837509704e-01,1.000000000000000000e+00,0.000000000000000000e+00,0.000000000000000000e+00
7.105263157894738946e-01,1.501976284584980725e-01,7.204301075268817467e-01,6.134020618556701443e-01,3.369565217391304879e-01,6.965517241379310942e-01,8.558823529411763165e-01,3.199999999999999512e-01,6.202531645569620000e-01,3.771331058020477300e-01,5.772357723577234978e-01,5.433962264150942190e-01,8.140662894098625868e-01,1.000000000000000000e+00,0.000000000000000000e+00,0.000000000000000000e+00
6.210526315789475227e-01,2.035573122529644452e-01,6.774193548387095198e-01,2.835051546391753607e-01,2.500000000000001110e-01,6.448275862068966191e-01,7.647058823529410132e-01,4.200000000000000400e-01,3.259493670886075556e-01,3.003412969283275613e-01,3.577235772357723609e-01,7.358490566037736436e-01,7.413096200485044251e-01,1.000000000000000000e+00,0.000000000000000000e+00,0.000000000000000000e+00
7.157894736842105310e-01,1.956521739130434867e-01,5.645161290322580072e-01,2.783505154639175361e-01,2.065217391304348116e-01,5.586206896551725309e-01,7.117647058823527439e-01,3.199999999999999512e-01,4.398734177215189445e-01,3.686006825938565878e-01,5.447154471544715104e-01,6.150943396226413729e-01,8.423605497170573164e-01,1.000000000000000000e+00,0.000000000000000000e+00,0.000000000000000000e+00
6.026315789473688511e-01,4.940711462450593228e-01,5.483870967741935054e-01,5.618556701030927858e-01,2.391304347826087584e-01,3.275862068965517127e-01,1.235294117647058459e-01,6.400000000000000133e-01,2.626582278481012223e-01,6.092150170648463758e-01,5.691056910569114446e-02,1.320754716981132337e-01,3.007275666936135572e-01,0.000000000000000000e+00,0.000000000000000000e+00,1.000000000000000000e+00
4.578947368421051323e-01,3.260869565217392463e-01,4.946236559139782774e-01,4.587628865979380688e-01,1.739130434782608647e-01,1.413793103448275912e-01,4.999999999999997502e-02,6.999999999999999556e-01,6.962025316455694446e-02,7.354947952218429119e-01,7.317073170731708265e-02,1.358490566037734992e-01,1.552142279708973172e-01,0.000000000000000000e+00,0.000000000000000000e+00,1.000000000000000000e+00
3.105263157894739834e-01,8.893280632411068587e-02,2.096774193548386345e-01,3.195876288659794673e-01,8.804347826086956763e-01,3.000000000000000444e-01,2.764705882352940791e-01,2.000000000000001776e-02,6.582278481012657778e-01,1.339590443686006771e-01,6.504065040650406360e-01,6.792452830188677737e-01,3.556992724333063460e-01,0.000000000000000000e+00,1.000000000000000000e+00,0.000000000000000000e+00
6.499999999999999112e-01,4.703557312252965028e-01,6.774193548387095198e-01,6.907216494845360710e-01,5.760869565217391353e-01,1.448275862068965636e-01,3.617647058823529327e-01,1.799999999999999933e-01,2.626582278481012223e-01,6.245733788395904096e-01,8.943089430894307634e-02,1.132075471698112956e-02,1.794664510913500377e-01,0.000000000000000000e+00,0.000000000000000000e+00,1.000000000000000000e+00
7.210526315789471674e-01,2.292490118577075464e-01,7.096774193548387455e-01,3.350515463917527192e-01,4.891304347826087584e-01,6.965517241379310942e-01,7.205882352941175295e-01,5.200000000000000178e-01,3.987341772151898334e-01,4.283276450511944722e-01,5.284552845528454057e-01,6.264150943396227245e-01,8.868229587712207485e-01,1.000000000000000000e+00,0.000000000000000000e+00,0.000000000000000000e+00
1.000000000000000000e+00,1.778656126482213440e-01,4.354838709677417707e-01,1.752577319587629301e-01,2.934782608695652995e-01,6.275862068965517571e-01,7.764705882352940236e-01,3.199999999999999512e-01,4.936708860759492778e-01,3.344709897610921301e-01,4.878048780487805325e-01,5.962264150943397123e-01,6.200485044462409334e-01,1.000000000000000000e+00,0.000000000000000000e+00,0.000000000000000000e+00
2.763157894736845144e-01,1.166007905138340128e-01,5.053763440860212786e-01,6.701030927835052164e-01,0.000000000000000000e+00,4.206896551724138567e-01,3.676470588235293824e-01,5.799999999999999600e-01,3.037974683544303334e-01,3.924914675767918193e-02,4.796747967479675911e-01,7.320754716981132670e-01,2.805173807599029567e-01,0.000000000000000000e+00,1.000000000000000000e+00,0.000000000000000000e+00
2.078947368421055764e-01,1.936758893280632610e-01,2.795698924731182533e-01,4.587628865979380688e-01,1.739130434782608647e-01,5.241379310344828069e-01,3.823529411764705066e-01,4.799999999999999822e-01,3.164556962025316111e-01,6.655290102389077589e-02,3.739837398373983546e-01,4.415094339622641084e-01,1.107518189167340517e-01,0.000000000000000000e+00,1.000000000000000000e+00,0.000000000000000000e+00
8.394736842105263719e-01,6.422924901185771418e-01,6.182795698924730132e-01,1.340206185567009989e-01,6.304347826086956763e-01,6.965517241379310942e-01,7.941176470588233727e-01,1.400000000000000133e-01,5.253164556962024445e-01,3.259385665529009879e-01,3.333333333333333148e-01,8.528301886792450937e-01,3.896523848019401992e-01,1.000000000000000000e+00,0.000000000000000000e+00,0.000000000000000000e+00
6.447368421052632748e-01,2.114624505928854037e-01,5.645161290322580072e-01,5.103092783505154273e-01,3.260869565217391353e-01,5.931034482758621440e-01,7.764705882352940236e-01,2.600000000000000089e-01,4.556962025316455001e-01,3.259385665529009879e-01,4.552845528455285451e-01,8.301886792452830566e-01,5.189975747776879311e-01,1.000000000000000000e+00,0.000000000000000000e+00,0.000000000000000000e+00
4.394736842105264607e-01,5.553359683794466539e-01,5.376344086021502822e-01,5.618556701030927858e-01,3.913043478260870289e-01,2.482758620689655693e-01,2.529411764705881693e-01,8.000000000000001554e-02,1.329113924050632778e-01,3.174061433447098457e-01,2.439024390243902940e-01,7.547169811320753041e-03,2.603071948261923563e-01,0.000000000000000000e+00,0.000000000000000000e+00,1.000000000000000000e+00
2.763157894736845144e-01,2.154150197628459107e-01,5.161290322580642798e-01,4.072164948453608213e-01,1.195652173913044347e-01,2.137931034482759562e-01,3.411764705882352477e-01,7.800000000000000266e-01,3.860759493670885001e-01,9.556313993174059274e-02,4.878048780487805325e-01,3.773584905660377076e-01,1.632983023443815573e-01,0.000000000000000000e+00,1.000000000000000000e+00,0.000000000000000000e+00
3.526315789473684070e-01,1.758893280632411182e-01,5.053763440860212786e-01,7.164948453608248613e-01,1.956521739130435700e-01,4.275862068965518015e-01,6.205882352941176627e-01,5.400000000000000355e-01,4.683544303797467223e-01,7.167235494880547231e-02,3.333333333333333148e-01,5.698113207547168546e-01,5.173807599029908721e-02,0.000000000000000000e+00,1.000000000000000000e+00,0.000000000000000000e+00
2.447368421052638077e-01,6.916996047430831740e-02,5.053763440860212786e-01,5.360824742268042176e-01,3.369565217391304879e-01,8.275862068965518237e-01,5.294117647058823595e-01,0.000000000000000000e+00,3.892405063291138334e-01,1.646757679180887168e-01,4.146341463414633943e-01,7.018867924528300328e-01,4.915117219078415367e-01,0.000000000000000000e+00,1.000000000000000000e+00,0.000000000000000000e+00
6.499999999999999112e-01,2.114624505928854037e-01,6.720430107526880192e-01,4.845360824742268591e-01,2.826086956521739468e-01,5.344827586206896131e-01,6.676470588235292603e-01,3.000000000000000444e-01,3.924050632911391667e-01,1.911262798634812132e-01,5.203252032520326864e-01,9.622641509433962348e-01,4.583670169765562408e-01,1.000000000000000000e+00,0.000000000000000000e+00,0.000000000000000000e+00
5.973684210526317706e-01,1.936758893280632610e-01,4.193548387096774910e-01,3.298969072164948946e-01,2.608695652173912416e-01,4.896551724137930828e-01,5.441176470588234837e-01,2.800000000000000266e-01,2.943037974683544444e-01,2.278156996587030469e-01,4.390243902439024404e-01,5.660377358490564781e-01,8.140662894098625868e-01,1.000000000000000000e+00,0.000000000000000000e+00,0.000000000000000000e+00
3.526315789473684070e-01,9.288537549407116511e-02,6.451612903225805162e-01,3.865979381443299667e-01,3.043478260869566521e-01,4.965517241379310276e-01,6.794117647058822707e-01,4.799999999999999822e-01,5.253164556962024445e-01,2.832764505119453879e-01,5.772357723577234978e-01,3.886792452830188371e-01,3.233629749393694963e-01,0.000000000000000000e+00,1.000000000000000000e+00,0.000000000000000000e+00
3.736842105263158409e-01,4.525691699604742491e-01,6.881720430107527431e-01,8.453608247422681465e-01,2.934782608695652995e-01,3.172413793103447954e-01,7.058823529411760445e-02,1.000000000000000000e+00,2.278481012658227223e-01,5.307167235494880675e-01,1.544715447154471621e-01,1.735849056603773755e-01,4.866612772837509704e-01,0.000000000000000000e+00,0.000000000000000000e+00,1.000000000000000000e+00
9.789473684210525661e-01,1.956521739130434867e-01,5.537634408602150060e-01,4.123711340206182019e-02,2.282608695652174058e-01,7.310344827586208183e-01,9.852941176470587648e-01,5.999999999999999778e-01,7.563291139240506666e-01,3.515358361774744145e-01,6.260162601626015899e-01,5.509433962264149720e-01,7.049312853678253443e-01,1.000000000000000000e+00,0.000000000000000000e+00,0.000000000000000000e+00
8.236842105263160185e-01,3.498023715415019552e-01,6.021505376344085114e-01,4.845360824742268591e-01,2.282608695652174058e-01,2.413793103448276245e-01,1.058823529411764414e-01,6.199999999999999956e-01,2.594936708860759444e-01,7.184300341296927517e-01,1.138211382113821224e-01,1.660377358490566224e-01,3.088116410670977974e-01,0.000000000000000000e+00,0.000000000000000000e+00,1.000000000000000000e+00
8.710526315789475227e-01,1.857707509881423025e-01,7.204301075268817467e-01,7.422680412371134295e-01,3.043478260869566521e-01,6.275862068965517571e-01,2.852941176470588092e-01,8.000000000000000444e-01,7.215189873417722222e-01,9.999999999999998890e-01,7.317073170731708265e-02,2.603773584905660354e-01,3.088116410670977974e-01,0.000000000000000000e+00,0.000000000000000000e+00,1.000000000000000000e+00
5.605263157894739834e-01,3.201581027667984580e-01,7.043010752688170228e-01,4.123711340206186460e-01,3.369565217391304879e-01,6.275862068965517571e-01,8.529411764705882026e-01,3.399999999999999689e-01,7.563291139240506666e-01,3.754266211604094794e-01,4.471544715447154927e-01,7.169811320754715389e-01,7.332255456750201850e-01,1.000000000000000000e+00,0.000000000000000000e+00,0.000000000000000000e+00
5.315789473684215949e-01,1.956521739130434867e-01,3.655913978494622629e-01,9.278350515463917869e-02,2.391304347826087584e-01,6.000000000000000888e-01,8.617647058823527662e-01,8.000000000000001554e-02,7.879746835443037778e-01,5.051194539249146409e-01,5.203252032520326864e-01,6.188679245283019714e-01,7.049312853678253443e-01,1.000000000000000000e+00,0.000000000000000000e+00,0.000000000000000000e+00
4.368421052631581425e-01,1.561264822134387498e-01,4.838709677419352762e-01,5.206185567010308546e-01,1.086956521739130821e-01,1.379310344827586188e-01,3.294117647058822929e-01,8.999999999999999112e-01,3.797468354430379445e-01,1.510238907849829337e-01,3.902439024390243483e-01,2.981132075471698006e-01,1.754244139046079176e-01,0.000000000000000000e+00,1.000000000000000000e+00,0.000000000000000000e+00
5.315789473684215949e-01,1.000000000000000000e+00,4.139784946236557683e-01,5.618556701030927858e-01,1.739130434782608647e-01,5.655172413793104758e-01,6.794117647058822707e-01,3.399999999999999689e-01,5.031645569620251113e-01,1.126279863481228771e-01,2.032520325203252543e-01,6.905660377358491253e-01,8.245755860953921101e-02,0.000000000000000000e+00,1.000000000000000000e+00,0.000000000000000000e+00
6.710526315789473450e-01,1.818181818181818510e-01,5.376344086021502822e-01,4.381443298969073252e-01,3.913043478260870289e-01,6.482758620689654805e-01,8.382352941176469674e-01,1.799999999999999933e-01,4.841772151898733889e-01,4.795221843003413253e-01,4.959349593495935848e-01,6.075471698113206198e-01,9.999999999999998890e-01,1.000000000000000000e+00,0.000000000000000000e+00,0.000000000000000000e+00
5.815789473684214173e-01,3.656126482213438722e-01,8.118279569892472569e-01,5.360824742268042176e-01,5.217391304347825942e-01,6.275862068965517571e-01,6.911764705882351700e-01,5.200000000000000178e-01,4.430379746835442778e-01,2.593856655290102120e-01,4.552845528455285451e-01,6.264150943396227245e-01,3.694421988682295988e-01,1.000000000000000000e+00,0.000000000000000000e+00,0.000000000000000000e+00
8.605263157894738058e-01,2.332015810276679979e-01,7.311827956989247479e-01,4.845360824742268591e-01,5.434782608695652995e-01,6.275862068965517571e-01,8.235294117647058432e-01,4.000000000000000222e-01,4.905063291139239445e-01,4.197952218430034410e-01,4.796747967479675911e-01,5.207547169811319598e-01,8.100242522231203557e-01,1.000000000000000000e+00,0.000000000000000000e+00,0.000000000000000000e+00
8.131578947368418575e-01,1.462450592885375655e-01,5.161290322580642798e-01,3.195876288659794673e-01,2.717391304347825942e-01,4.206896551724138567e-01,6.147058823529411020e-01,2.600000000000000089e-01,3.639240506329113889e-01,3.174061433447098457e-01,5.609756097560976151e-01,5.849056603773583607e-01,8.100242522231203557e-01,1.000000000000000000e+00,0.000000000000000000e+00,0.000000000000000000e+00
6.842105263157898243e-01,2.114624505928854037e-01,7.204301075268817467e-01,3.402061855670103219e-01,4.565217391304349226e-01,6.448275862068966191e-01,7.558823529411764497e-01,3.399999999999999689e-01,3.291139240506328889e-01,5.136518771331057831e-01,6.504065040650406360e-01,6.075471698113206198e-01,8.342764753435730762e-01,1.000000000000000000e+00,0.000000000000000000e+00,0.000000000000000000e+00
3.526315789473684070e-01,7.707509881422924813e-02,4.301075268817204922e-01,4.329896907216495006e-01,1.847826086956522174e-01,8.689655172413792705e-01,8.117647058823528328e-01,1.199999999999999956e-01,4.588607594936708334e-01,2.704778156996586747e-01,6.016260162601625439e-01,6.037735849056604653e-01,1.147938561034761717e-01,0.000000000000000000e+00,1.000000000000000000e+00,0.000000000000000000e+00
4.763157894736842479e-01,4.387351778656126688e-01,6.720430107526880192e-01,6.907216494845360710e-01,3.369565217391304879e-01,4.620689655172414145e-01,7.647058823529408189e-02,8.000000000000000444e-01,1.234177215189873333e-01,3.105802047781569541e-01,3.333333333333333148e-01,3.320754716981131893e-01,2.522231204527081161e-01,0.000000000000000000e+00,0.000000000000000000e+00,1.000000000000000000e+00
5.315789473684215949e-01,2.588932806324110159e-01,1.000000000000000000e+00,7.422680412371134295e-01,5.869565217391304879e-01,5.689655172413793371e-01,6.882352941176470562e-01,6.799999999999999378e-01,4.746835443037973890e-01,1.962457337883959096e-01,5.284552845528454057e-01,7.283018867924528905e-01,4.462409054163298805e-01,1.000000000000000000e+00,0.000000000000000000e+00,0.000000000000000000e+00
4.447368421052635412e-01,2.114624505928854037e-01,4.516129032258064946e-01,4.226804123711340733e-01,1.739130434782608647e-01,4.206896551724138567e-01,6.441176470588233505e-01,2.600000000000000089e-01,4.272151898734177222e-01,2.235494880546074759e-01,5.528455284552844518e-01,7.056603773584906314e-01,3.524656426839126722e-01,0.000000000000000000e+00,1.000000000000000000e+00,0.000000000000000000e+00
4.789473684210525661e-01,1.699604743083004410e-01,6.236559139784945138e-01,3.711340206185567148e-01,2.717391304347825942e-01,5.172413793103448620e-01,5.970588235294117530e-01,2.600000000000000089e-01,3.291139240506328889e-01,2.261092150170648518e-01,4.959349593495935848e-01,8.905660377358490809e-01,5.957962813257882129e-01,1.000000000000000000e+00,0.000000000000000000e+00,0.000000000000000000e+00
3.894736842105266383e-01,1.956521739130434867e-01,3.333333333333332593e-01,5.103092783505154273e-01,1.630434782608696231e-01,4.206896551724138567e-01,4.647058823529410798e-01,3.800000000000000044e-01,3.354430379746835000e-01,1.416382252559726662e-01,4.552845528455285451e-01,8.679245283018868218e-01,3.185125303152789300e-01,0.000000000000000000e+00,1.000000000000000000e+00,0.000000000000000000e+00
5.157894736842107974e-01,1.837944664031620767e-01,6.666666666666665186e-01,1.000000000000000000e+00,7.500000000000001110e-01,8.000000000000000444e-01,7.499999999999998890e-01,1.599999999999999756e-01,4.873417721518987222e-01,1.766211604095563048e-01,6.747967479674796820e-01,8.415094339622641861e-01,5.715440582053354923e-01,0.000000000000000000e+00,1.000000000000000000e+00,0.000000000000000000e+00
3.315789473684209732e-01,1.324110671936758743e-01,3.333333333333332593e-01,2.783505154639175361e-01,1.630434782608696231e-01,5.413793103448275579e-01,6.352941176470586759e-01,3.199999999999999512e-01,4.272151898734177222e-01,1.382252559726962204e-01,6.097560975609757072e-01,5.547169811320755706e-01,1.212611156022635195e-01,0.000000000000000000e+00,1.000000000000000000e+00,0.000000000000000000e+00
5.315789473684215949e-01,6.166007905138339851e-01,5.161290322580642798e-01,6.134020618556701443e-01,1.630434782608696231e-01,2.310344827586207073e-01,3.676470588235293824e-01,9.599999999999999645e-01,3.797468354430379445e-01,3.003412969283275613e-01,2.926829268292682751e-01,2.792452830188678070e-01,1.915925626515763980e-01,0.000000000000000000e+00,1.000000000000000000e+00,0.000000000000000000e+00
3.210526315789477003e-01,1.956521739130434867e-01,4.086021505376342677e-01,4.329896907216495006e-01,1.086956521739130821e-01,2.310344827586207073e-01,4.970588235294116641e-01,4.799999999999999822e-01,3.829113924050631668e-01,1.808873720136518759e-01,4.227642276422764467e-01,7.169811320754715389e-01,1.875505254648342779e-01,0.000000000000000000e+00,1.000000000000000000e+00,0.000000000000000000e+00
3.526315789473684070e-01,8.498023715415020662e-02,3.010752688172042557e-01,4.639175257731960045e-01,8.695652173913048788e-02,3.896551724137931050e-01,4.882352941176469896e-01,2.800000000000000266e-01,1.962025316455696111e-01,2.901023890784982795e-01,5.203252032520326864e-01,8.339622641509434331e-01,1.875505254648342779e-01,0.000000000000000000e+00,1.000000000000000000e+00,0.000000000000000000e+00
1.526315789473686735e-01,1.205533596837945198e-01,7.204301075268817467e-01,4.845360824742268591e-01,2.608695652173912416e-01,6.068965517241380336e-01,7.588235294117645635e-01,3.199999999999999512e-01,6.550632911392404445e-01,1.168941979522184205e-01,3.902439024390243483e-01,7.509433962264149276e-01,3.249797898140662777e-01,0.000000000000000000e+00,1.000000000000000000e+00,0.000000000000000000e+00
5.710526315789472562e-01,2.055335968379446709e-01,4.193548387096774910e-01,3.092783505154639290e-02,3.260869565217391353e-01,5.758620689655172820e-01,7.117647058823527439e-01,2.600000000000000089e-01,2.721518987341771667e-01,2.645051194539248529e-01,4.634146341463414864e-01,8.037735849056604209e-01,6.240905416329830535e-01,1.000000000000000000e+00,0.000000000000000000e+00,0.000000000000000000e+00
7.552631578947370805e-01,1.857707509881423025e-01,4.086021505376342677e-01,2.783505154639175361e-01,3.369565217391304879e-01,7.310344827586208183e-01,8.970588235294116863e-01,1.599999999999999756e-01,5.443037974683544444e-01,4.112627986348122988e-01,3.495934959349594195e-01,7.773584905660377853e-01,5.715440582053354923e-01,1.000000000000000000e+00,0.000000000000000000e+00,0.000000000000000000e+00
5.605263157894739834e-01,5.592885375494071054e-01,4.247311827956987695e-01,5.360824742268042176e-01,3.478260869565218405e-01,1.793103448275862322e-01,6.176470588235292991e-02,5.999999999999999778e-01,2.784810126582278333e-01,2.320819112627986180e-01,9.756097560975612870e-02,1.547169811320753818e-01,4.462409054163298805e-01,0.000000000000000000e+00,0.000000000000000000e+00,1.000000000000000000e+00
6.657894736842107086e-01,1.916996047430830352e-01,5.107526881720430012e-01,2.886597938144329634e-01,5.108695652173912416e-01,7.482758620689655693e-01,8.676470588235293269e-01,4.200000000000000400e-01,6.075949367088606667e-01,4.138225255972696193e-01,3.821138211382114069e-01,7.962264150943396679e-01,4.179466451091350399e-01,1.000000000000000000e+00,0.000000000000000000e+00,0.000000000000000000e+00
8.368421052631580537e-01,6.521739130434782705e-01,5.806451612903225090e-01,4.278350515463916759e-01,4.456521739130435700e-01,6.448275862068966191e-01,6.794117647058822707e-01,3.399999999999999689e-01,2.626582278481012223e-01,3.378839590443686314e-01,3.170731707317073211e-01,7.773584905660377853e-01,6.483427647534357741e-01,1.000000000000000000e+00,0.000000000000000000e+00,0.000000000000000000e+00
5.473684210526315042e-01,2.292490118577075464e-01,7.473118279569892497e-01,7.680412371134022198e-01,5.000000000000001110e-01,4.206896551724138567e-01,2.764705882352940791e-01,2.600000000000000089e-01,3.607594936708860556e-01,4.965870307167234987e-01,1.056910569105691255e-01,2.264150943396231463e-02,1.188358932902182918e-01,0.000000000000000000e+00,0.000000000000000000e+00,1.000000000000000000e+00
3.684210526315792045e-01,1.561264822134387498e-01,5.000000000000000000e-01,5.618556701030927858e-01,1.739130434782608647e-01,6.068965517241380336e-01,8.264705882352939570e-01,5.200000000000000178e-01,4.272151898734177222e-01,2.269624573378839216e-01,1.707317073170731558e-01,5.924528301886791137e-01,5.982215036378332740e-02,0.000000000000000000e+00,1.000000000000000000e+00,0.000000000000000000e+00
1.131578947368425681e-01,5.928853754940712761e-01,2.473118279569892497e-01,4.587628865979380688e-01,4.021739130434783815e-01,7.586206896551725976e-01,6.588235294117645857e-01,2.199999999999999734e-01,9.999999999999997780e-01,1.382252559726962204e-01,2.195121951219512479e-01,5.811320754716979842e-01,2.295877122069523157e-01,0.000000000000000000e+00,1.000000000000000000e+00,0.000000000000000000e+00
3.947368421052632748e-01,9.426877470355732314e-01,6.881720430107527431e-01,7.422680412371134295e-01,2.826086956521739468e-01,2.793103448275862100e-01,7.647058823529408189e-02,1.000000000000000000e+00,2.151898734177215000e-01,3.174061433447098457e-01,2.764227642276422814e-01,1.584905660377358694e-01,1.915925626515763980e-01,0.000000000000000000e+00,0.000000000000000000e+00,1.000000000000000000e+00
2.736842105263161962e-01,2.806324110671937211e-01,4.354838709677417707e-01,5.360824742268042176e-01,1.630434782608696231e-01,5.586206896551725309e-01,6.794117647058822707e-01,4.799999999999999822e-01,2.943037974683544444e-01,1.262798634812286325e-01,3.089430894308943798e-01,7.584905660377356806e-01,8.084074373484237408e-02,0.000000000000000000e+00,1.000000000000000000e+00,0.000000000000000000e+00
6.078947368421054875e-01,3.952569169960473694e-02,5.376344086021502822e-01,3.298969072164948946e-01,4.347826086956522174e-01,5.344827586206896131e-01,2.823529411764705843e-01,8.400000000000000799e-01,0.000000000000000000e+00,1.612627986348122711e-01,4.390243902439024404e-01,2.490566037735849059e-01,3.815683104284559590e-01,0.000000000000000000e+00,1.000000000000000000e+00,0.000000000000000000e+00
2.000000000000001776e-01,2.747035573122529328e-01,7.634408602150535295e-01,9.226804123711340733e-01,2.391304347826087584e-01,3.965517241379310498e-01,5.588235294117647189e-01,8.999999999999999112e-01,4.240506329113923889e-01,1.467576791808873626e-01,3.983739837398374006e-01,4.415094339622641084e-01,1.519805982215036433e-01,0.000000000000000000e+00,1.000000000000000000e+00,0.000000000000000000e+00
2.078947368421055764e-01,1.442687747035573398e-01,3.387096774193547599e-01,5.257731958762887903e-01,1.739130434782608647e-01,3.448275862068965747e-01,3.705882352941176072e-01,3.399999999999999689e-01,3.512658227848101111e-01,5.716723549488053613e-02,3.821138211382114069e-01,7.773584905660377853e-01,1.754244139046079176e-01,0.000000000000000000e+00,1.000000000000000000e+00,0.000000000000000000e+00
7.447368421052629195e-01,1.205533596837945198e-01,4.892473118279569988e-01,2.783505154639175361e-01,3.043478260869566521e-01,6.896551724137931494e-01,8.264705882352939570e-01,1.799999999999999933e-01,4.525316455696202778e-01,5.068259385665528916e-01,4.308943089430894990e-01,8.603773584905658467e-01,6.200485044462409334e-01,1.000000000000000000e+00,0.000000000000000000e+00,0.000000000000000000e+00
4.394736842105264607e-01,6.185770750988143218e-01,5.591397849462365066e-01,6.391752577319587125e-01,3.369565217391304879e-01,6.379310344827586743e-01,6.499999999999998002e-01,5.999999999999999778e-01,4.841772151898733889e-01,1.100682593856655012e-01,5.772357723577234978e-01,7.018867924528300328e-01,1.495553759094583601e-01,0.000000000000000000e+00,1.000000000000000000e+00,0.000000000000000000e+00
2.973684210526319482e-01,1.719367588932806667e-01,5.107526881720430012e-01,6.288659793814432852e-01,2.173913043478261642e-01,2.758620689655172376e-01,3.970588235294116863e-01,5.999999999999999778e-01,3.607594936708860556e-01,9.982935153583619159e-02,6.910569105691057867e-01,3.735849056603773310e-01,1.754244139046079176e-01,0.000000000000000000e+00,1.000000000000000000e+00,0.000000000000000000e+00
5.947368421052630083e-01,2.430830039525691821e-01,7.096774193548387455e-01,3.195876288659794673e-01,3.478260869565218405e-01,6.965517241379310942e-01,8.499999999999998668e-01,3.599999999999999867e-01,3.924050632911391667e-01,4.027303754266211566e-01,4.796747967479675911e-01,5.924528301886791137e-01,8.019401778496361155e-01,1.000000000000000000e+00,0.000000000000000000e+00,0.000000000000000000e+00
6.973684210526314153e-01,2.154150197628459107e-01,5.376344086021502822e-01,3.402061855670103219e-01,3.695652173913043237e-01,4.965517241379310276e-01,6.911764705882351700e-01,5.799999999999999600e-01,4.905063291139239445e-01,2.184300341296927794e-01,6.097560975609757072e-01,6.037735849056604653e-01,5.755860953920776124e-01,1.000000000000000000e+00,0.000000000000000000e+00,0.000000000000000000e+00
5.000000000000000000e-01,6.047430830039526306e-01,6.935483870967740216e-01,4.123711340206186460e-01,3.478260869565218405e-01,4.931034482758621662e-01,6.088235294117646523e-01,2.399999999999999911e-01,4.936708860759492778e-01,2.747440273037542458e-01,4.471544715447154927e-01,8.490566037735849392e-01,3.977364591754244394e-01,1.000000000000000000e+00,0.000000000000000000e+00,0.000000000000000000e+00
7.184210526315788492e-01,1.561264822134387498e-01,7.204301075268817467e-01,4.587628865979380688e-01,6.739130434782608647e-01,6.793103448275863432e-01,7.058823529411764053e-01,7.399999999999999911e-01,2.943037974683544444e-01,3.515358361774744145e-01,6.260162601626015899e-01,6.528301886792453601e-01,7.736459175424413859e-01,1.000000000000000000e+00,0.000000000000000000e+00,0.000000000000000000e+00
5.315789473684215949e-01,2.035573122529644452e-01,3.978494623655912665e-01,3.298969072164948946e-01,4.021739130434783815e-01,6.965517241379310942e-01,7.823529411764704733e-01,3.000000000000000444e-01,5.094936708860757779e-01,3.208191126279863470e-01,3.252032520325203735e-01,7.849056603773585383e-01,4.907033144704930905e-01,1.000000000000000000e+00,0.000000000000000000e+00,0.000000000000000000e+00
2.552631578947370805e-01,1.521739130434782983e-01,5.698924731182795078e-01,5.876288659793815761e-01,1.739130434782608647e-01,1.620689655172413701e-01,2.676470588235293491e-01,7.399999999999999911e-01,3.829113924050631668e-01,1.979522184300341048e-01,4.634146341463414864e-01,5.207547169811319598e-01,1.390460792239288368e-01,0.000000000000000000e+00,1.000000000000000000e+00,0.000000000000000000e+00
2.552631578947370805e-01,3.557312252964428545e-02,3.440860215053762605e-01,4.329896907216495006e-01,1.739130434782608647e-01,4.965517241379310276e-01,5.647058823529410576e-01,3.399999999999999689e-01,3.196202531645568889e-01,1.040955631399317349e-01,7.317073170731707155e-01,6.981132075471698784e-01,0.000000000000000000e+00,0.000000000000000000e+00,1.000000000000000000e+00,0.000000000000000000e+00
4.578947368421051323e-01,5.316205533596838340e-01,3.333333333333332593e-01,2.783505154639175361e-01,1.086956521739130821e-01,2.241379310344827624e-01,2.676470588235293491e-01,5.999999999999999778e-01,1.297468354430379445e-01,1.808873720136518759e-01,1.788617886178862082e-01,3.207547169811320598e-01,7.599029911075180777e-02,0.000000000000000000e+00,1.000000000000000000e+00,0.000000000000000000e+00
4.631578947368422128e-01,3.814229249011857892e-01,6.021505376344085114e-01,5.876288659793815761e-01,4.565217391304349226e-01,1.724137931034482873e-01,2.999999999999999889e-01,2.199999999999999734e-01,2.658227848101265556e-01,8.122866894197952048e-01,0.000000000000000000e+00,7.547169811320747490e-02,1.632983023443815573e-01,0.000000000000000000e+00,0.000000000000000000e+00,1.000000000000000000e+00
4.789473684210525661e-01,5.000000000000000000e-01,6.559139784946235174e-01,5.876288659793815761e-01,3.913043478260870289e-01,2.310344827586207073e-01,7.647058823529408189e-02,9.399999999999999467e-01,1.708860759493670556e-01,3.668941979522184482e-01,3.170731707317073211e-01,3.169811320754716832e-01,2.360549717057396635e-01,0.000000000000000000e+00,0.000000000000000000e+00,1.000000000000000000e+00
5.815789473684214173e-01,6.403162055335969161e-01,5.000000000000000000e-01,3.556701030927835738e-01,3.586956521739129711e-01,5.724137931034484206e-01,6.735294117647057099e-01,3.800000000000000044e-01,3.924050632911391667e-01,2.627986348122867133e-01,2.764227642276422814e-01,6.528301886792453601e-01,3.249797898140662777e-01,1.000000000000000000e+00,0.000000000000000000e+00,0.000000000000000000e+00
6.263157894736846032e-01,6.126482213438735336e-01,4.086021505376342677e-01,4.226804123711340733e-01,2.173913043478261642e-01,5.068965517241380558e-01,6.882352941176470562e-01,2.800000000000000266e-01,3.354430379746835000e-01,2.559726962457338217e-01,3.495934959349594195e-01,6.528301886792453601e-01,6.119644300727566932e-01,1.000000000000000000e+00,0.000000000000000000e+00,0.000000000000000000e+00
3.078947368421052211e-01,4.525691699604742491e-01,5.161290322580642798e-01,4.329896907216495006e-01,2.826086956521739468e-01,9.310344827586208849e-02,4.411764705882352533e-02,5.400000000000000355e-01,9.810126582278480556e-02,3.600682593856655567e-01,1.463414634146342208e-01,2.113207547169811407e-01,1.875505254648342779e-01,0.000000000000000000e+00,0.000000000000000000e+00,1.000000000000000000e+00
2.131578947368422128e-01,4.249011857707510886e-01,4.677419354838707743e-01,3.814432989690721421e-01,4.565217391304349226e-01,2.551724137931035141e-01,2.882352941176470340e-01,5.999999999999999778e-01,1.677215189873417223e-01,1.168941979522184205e-01,3.902439024390243483e-01,4.716981132075472316e-01,1.794664510913500377e-01,0.000000000000000000e+00,1.000000000000000000e+00,0.000000000000000000e+00
2.763157894736845144e-01,1.284584980237154228e-01,6.129032258064515126e-01,6.134020618556701443e-01,1.521739130434782705e-01,5.448275862068966413e-01,5.735294117647058432e-01,5.999999999999999778e-01,1.962025316455696111e-01,1.382252559726962204e-01,3.658536585365854132e-01,7.245283018867925140e-01,8.649959579628133111e-02,0.000000000000000000e+00,1.000000000000000000e+00,0.000000000000000000e+00
0.000000000000000000e+00,1.521739130434782983e-01,4.516129032258064946e-01,5.618556701030927858e-01,1.630434782608696231e-01,5.103448275862069172e-01,5.382352941176469230e-01,7.800000000000000266e-01,5.031645569620251113e-01,5.290102389078496503e-02,1.000000000000000000e+00,6.037735849056604653e-01,1.042845594179466484e-01,0.000000000000000000e+00,1.000000000000000000e+00,0.000000000000000000e+00
3.657894736842108863e-01,1.719367588932806667e-01,4.462365591397847719e-01,6.134020618556701443e-01,4.130434782608695121e-01,3.517241379310345195e-01,5.147058823529410132e-01,4.200000000000000400e-01,3.765822784810126111e-01,6.655290102389077589e-02,4.715447154471545388e-01,6.377358490566036320e-01,5.416329830234437037e-02,0.000000000000000000e+00,1.000000000000000000e+00,0.000000000000000000e+00
6.131578947368421240e-01,3.596837944664031950e-01,5.322580645161290036e-01,4.845360824742268591e-01,2.065217391304348116e-01,1.448275862068965636e-01,4.705882352941175018e-02,4.799999999999999822e-01,6.962025316455694446e-02,3.686006825938565878e-01,1.788617886178862082e-01,4.528301886792453490e-01,4.058205335489086796e-01,0.000000000000000000e+00,0.000000000000000000e+00,1.000000000000000000e+00
7.342105263157896466e-01,1.996047430830039937e-01,5.698924731182795078e-01,1.752577319587629301e-01,4.456521739130435700e-01,1.000000000000000000e+00,9.999999999999998890e-01,3.800000000000000044e-01,4.588607594936708334e-01,4.923208191126279276e-01,4.308943089430894990e-01,7.509433962264149276e-01,7.372675828617623051e-01,1.000000000000000000e+00,0.000000000000000000e+00,0.000000000000000000e+00
3.210526315789477003e-01,7.865612648221343983e-01,6.344086021505375150e-01,5.360824742268042176e-01,2.065217391304348116e-01,1.379310344827586188e-01,3.823529411764704788e-02,8.000000000000000444e-01,1.202531645569620000e-01,2.192832764505119603e-01,2.195121951219512479e-01,0.000000000000000000e+00,3.573160873080032385e-01,0.000000000000000000e+00,0.000000000000000000e+00,1.000000000000000000e+00
6.868421052631581425e-01,4.664031620553360513e-01,6.451612903225805162e-01,2.371134020618556049e-01,5.000000000000001110e-01,5.931034482758621440e-01,7.911764705882351478e-01,8.000000000000001554e-02,3.924050632911391667e-01,3.259385665529009879e-01,3.902439024390243483e-01,7.886792452830186928e-01,4.583670169765562408e-01,1.000000000000000000e+00,0.000000000000000000e+00,0.000000000000000000e+00
5.000000000000000000e-01,4.090909090909091717e-01,7.204301075268817467e-01,5.360824742268042176e-01,2.826086956521739468e-01,1.931034482758621218e-01,4.705882352941175018e-02,8.000000000000000444e-01,1.044303797468354444e-01,2.832764505119453879e-01,2.357723577235772416e-01,3.924528301886792137e-01,2.603071948261923563e-01,0.000000000000000000e+00,0.000000000000000000e+00,1.000000000000000000e+00
3.789473684210529214e-01,1.541501976284585240e-01,4.516129032258064946e-01,4.329896907216495006e-01,1.000000000000000000e+00,5.241379310344828069e-01,5.676470588235292825e-01,3.800000000000000044e-01,9.050632911392402224e-01,1.126279863481228771e-01,5.528455284552844518e-01,5.132075471698112068e-01,5.327405012126111838e-01,0.000000000000000000e+00,1.000000000000000000e+00,0.000000000000000000e+00
4.131578947368423904e-01,3.399209486166008265e-01,4.516129032258064946e-01,4.072164948453608213e-01,2.608695652173912416e-01,2.206896551724139011e-01,9.411764705882351423e-02,1.000000000000000000e+00,1.645569620253164445e-01,4.965870307167234987e-01,2.032520325203252543e-01,1.169811320754717276e-01,3.371059013742926380e-01,0.000000000000000000e+00,0.000000000000000000e+00,1.000000000000000000e+00
7.000000000000001776e-01,4.980237154150197743e-01,6.344086021505375150e-01,4.845360824742268591e-01,4.021739130434783815e-01,2.931034482758620996e-01,6.470588235294118251e-02,7.399999999999999911e-01,1.202531645569620000e-01,3.924914675767917638e-01,3.902439024390243483e-01,2.075471698113207641e-01,3.249797898140662777e-01,0.000000000000000000e+00,0.000000000000000000e+00,1.000000000000000000e+00
1.605263157894740722e-01,2.608695652173913526e-01,5.913978494623655102e-01,5.670103092783507215e-01,1.521739130434782705e-01,3.344827586206896575e-01,3.970588235294116863e-01,6.999999999999999556e-01,2.943037974683544444e-01,1.296928327645051060e-01,4.227642276422764467e-01,5.584905660377357250e-01,3.249797898140662777e-01,0.000000000000000000e+00,1.000000000000000000e+00,0.000000000000000000e+00
7.368421052631579649e-01,1.640316205533597083e-01,6.774193548387095198e-01,4.845360824742268591e-01,4.891304347826087584e-01,6.793103448275863432e-01,8.999999999999998002e-01,5.400000000000000355e-01,4.113924050632910556e-01,4.539249146757678988e-01,5.284552845528454057e-01,4.905660377358490032e-01,6.887631366208568640e-01,1.000000000000000000e+00,0.000000000000000000e+00,0.000000000000000000e+00
7.657894736842103534e-01,1.956521739130434867e-01,4.892473118279569988e-01,3.505154639175257492e-01,4.130434782608695121e-01,6.551724137931034253e-01,9.411764705882351700e-01,3.800000000000000044e-01,5.253164556962024445e-01,6.501706484641638362e-01,5.203252032520326864e-01,6.905660377358491253e-01,7.938561034761518753e-01,1.000000000000000000e+00,0.000000000000000000e+00,0.000000000000000000e+00
2.763157894736845144e-01,7.707509881422924813e-02,6.182795698924730132e-01,6.907216494845360710e-01,8.695652173913048788e-02,3.517241379310345195e-01,3.647058823529411575e-01,5.400000000000000355e-01,3.101265822784809445e-01,7.849829351535836386e-02,6.747967479674796820e-01,5.471698113207548175e-01,2.845594179466450768e-01,0.000000000000000000e+00,1.000000000000000000e+00,0.000000000000000000e+00
5.263157894736840703e-01,3.162055335968380620e-02,1.881720430107526321e-01,2.783505154639175361e-01,1.739130434782608647e-01,3.344827586206896575e-01,4.970588235294116641e-01,2.199999999999999734e-01,3.291139240506328889e-01,2.832764505119453879e-01,5.772357723577234978e-01,4.566037735849056145e-01,9.215844785772028813e-02,0.000000000000000000e+00,1.000000000000000000e+00,0.000000000000000000e+00
4.315789473684210620e-01,4.743083003952569543e-02,4.731182795698924970e-01,3.814432989690721421e-01,3.152173913043477826e-01,4.206896551724138567e-01,4.705882352941175295e-01,3.399999999999999689e-01,3.291139240506328889e-01,1.143344709897611000e-01,6.097560975609757072e-01,7.132075471698113844e-01,1.390460792239288368e-01,0.000000000000000000e+00,1.000000000000000000e+00,0.000000000000000000e+00
6.657894736842107086e-01,1.956521739130434867e-01,5.913978494623655102e-01,5.103092783505154273e-01,5.000000000000001110e-01,6.827586206896552046e-01,7.176470588235293047e-01,1.400000000000000133e-01,6.424050632911393333e-01,4.240614334470990121e-01,4.065040650406504530e-01,6.641509433962262676e-01,6.806790622473726238e-01,1.000000000000000000e+00,0.000000000000000000e+00,0.000000000000000000e+00
5.315789473684215949e-01,1.798418972332015697e-01,6.397849462365590156e-01,3.814432989690721421e-01,3.043478260869566521e-01,5.068965517241380558e-01,6.147058823529411020e-01,3.199999999999999512e-01,3.227848101265822223e-01,2.534129692832763903e-01,5.203252032520326864e-01,4.679245283018867441e-01,6.685529506871462635e-01,1.000000000000000000e+00,0.000000000000000000e+00,0.000000000000000000e+00
8.842105263157895578e-01,2.233201581027668692e-01,5.860215053763440096e-01,2.061855670103092120e-01,2.826086956521739468e-01,5.241379310344828069e-01,6.411764705882352366e-01,3.399999999999999689e-01,4.936708860759492778e-01,3.387372013651877012e-01,4.390243902439024404e-01,8.716981132075471983e-01,8.181083265966045959e-01,1.000000000000000000e+00,0.000000000000000000e+00,0.000000000000000000e+00
7.394736842105262831e-01,6.679841897233201875e-01,5.483870967741935054e-01,4.587628865979380688e-01,2.065217391304348116e-01,2.827586206896551824e-01,1.441176470588234615e-01,6.999999999999999556e-01,3.607594936708860556e-01,6.595563139931740482e-01,7.317073170731708265e-02,1.396226415094338758e-01,1.632983023443815573e-01,0.000000000000000000e+00,0.000000000000000000e+00,1.000000000000000000e+00
3.315789473684209732e-01,1.719367588932806667e-01,4.569892473118277731e-01,5.051546391752577136e-01,3.586956521739129711e-01,4.137931034482761339e-02,1.999999999999999556e-01,4.799999999999999822e-01,3.291139240506328889e-01,1.510238907849829337e-01,3.463414634146341764e-01,2.075471698113207641e-01,4.785772029102667302e-01,0.000000000000000000e+00,1.000000000000000000e+00,0.000000000000000000e+00
2.052631578947372581e-01,2.727272727272728181e-01,7.419354838709677491e-01,5.618556701030927858e-01,6.956521739130435700e-01,2.137931034482759562e-01,1.911764705882352811e-01,2.000000000000001776e-02,3.607594936708860556e-01,1.040955631399317349e-01,3.821138211382114069e-01,3.735849056603773310e-01,2.805173807599029567e-01,0.000000000000000000e+00,1.000000000000000000e+00,0.000000000000000000e+00
4.236842105263161073e-01,1.225296442687747456e-01,3.548387096774192617e-01,3.195876288659794673e-01,3.260869565217391353e-01,3.586206896551724643e-01,3.147058823529411131e-01,8.000000000000000444e-01,6.329113924050633333e-02,3.813993174061433011e-01,4.065040650406504530e-01,1.207547169811321042e-01,1.390460792239288368e-01,0.000000000000000000e+00,1.000000000000000000e+00,0.000000000000000000e+00
7.105263157894738946e-01,7.154150197628459384e-01,4.838709677419352762e-01,6.134020618556701443e-01,1.956521739130435700e-01,1.034482758620690057e-01,3.823529411764704788e-02,7.800000000000000266e-01,2.310126582278480556e-01,4.556313993174061494e-01,2.439024390243902940e-01,1.811320754716981285e-01,1.956345998383185181e-01,0.000000000000000000e+00,0.000000000000000000e+00,1.000000000000000000e+00
1.657894736842107086e-01,2.252964426877470394e-01,3.010752688172042557e-01,2.783505154639175361e-01,2.934782608695652995e-01,2.172413793103449287e-01,3.617647058823529327e-01,4.200000000000000400e-01,2.310126582278480556e-01,2.150170648464163337e-01,6.097560975609757072e-01,3.283018867924529238e-01,1.212611156022635195e-01,0.000000000000000000e+00,1.000000000000000000e+00,0.000000000000000000e+00
8.394736842105263719e-01,1.897233201581028095e-01,5.053763440860212786e-01,2.938144329896907880e-01,5.217391304347825942e-01,7.655172413793105424e-01,7.823529411764704733e-01,2.600000000000000089e-01,5.094936708860757779e-01,4.351535836177474748e-01,3.739837398373983546e-01,7.698113207547170322e-01,5.594179466451091320e-01,1.000000000000000000e+00,0.000000000000000000e+00,0.000000000000000000e+00
3.657894736842108863e-01,7.292490118577075187e-01,7.365591397849460265e-01,8.195876288659793563e-01,3.478260869565218405e-01,4.206896551724138567e-01,5.264705882352940236e-01,5.999999999999999778e-01,4.082278481012657223e-01,6.825938566552902653e-02,3.577235772357723609e-01,6.981132075471698784e-01,7.033144704931285074e-02,0.000000000000000000e+00,1.000000000000000000e+00,0.000000000000000000e+00
8.815789473684212396e-01,5.632411067193675569e-01,4.946236559139782774e-01,2.783505154639175361e-01,3.478260869565218405e-01,7.827586206896552934e-01,8.323529411764704067e-01,2.800000000000000266e-01,5.601265822784808890e-01,3.088737201365188145e-01,4.552845528455285451e-01,8.188679245283019270e-01,6.362166531932094138e-01,1.000000000000000000e+00,0.000000000000000000e+00,0.000000000000000000e+00
2.552631578947370805e-01,5.316205533596838340e-01,3.440860215053762605e-01,4.329896907216495006e-01,1.847826086956522174e-01,3.517241379310345195e-01,3.823529411764705066e-01,4.799999999999999822e-01,4.588607594936708334e-01,0.000000000000000000e+00,3.658536585365854132e-01,6.716981132075470207e-01,2.312045270816491527e-01,0.000000000000000000e+00,1.000000000000000000e+00,0.000000000000000000e+00
6.473684210526315930e-01,5.632411067193675569e-01,4.462365591397847719e-01,4.587628865979380688e-01,1.956521739130435700e-01,2.206896551724139011e-01,4.117647058823527273e-02,8.999999999999999112e-01,1.455696202531645556e-01,3.771331058020477300e-01,2.682926829268293401e-01,2.075471698113207641e-01,2.441390460792239037e-01,0.000000000000000000e+00,0.000000000000000000e+00,1.000000000000000000e+00
7.131578947368422128e-01,1.837944664031620767e-01,4.784946236559137756e-01,2.989690721649483907e-01,5.217391304347825942e-01,5.586206896551725309e-01,7.529411764705881138e-01,1.599999999999999756e-01,3.797468354430379445e-01,3.899317406143344433e-01,3.577235772357723609e-01,7.283018867924528905e-01,6.321746160064672937e-01,1.000000000000000000e+00,0.000000000000000000e+00,0.000000000000000000e+00
8.421052631578951342e-01,1.916996047430830352e-01,5.752688172043010084e-01,2.577319587628865705e-01,6.195652173913043237e-01,6.275862068965517571e-01,7.999999999999999334e-01,3.000000000000000444e-01,5.917721518987342222e-01,3.720136518771330891e-01,4.552845528455285451e-01,1.000000000000000000e+00,6.362166531932094138e-01,1.000000000000000000e+00,0.000000000000000000e+00,0.000000000000000000e+00
2.210526315789476115e-01,7.055335968379446987e-01,5.537634408602150060e-01,5.360824742268042176e-01,1.304347826086956763e-01,6.482758620689654805e-01,7.911764705882351478e-01,1.599999999999999756e-01,7.879746835443037778e-01,1.296928327645051060e-01,2.195121951219512479e-01,8.943396226415094574e-01,8.245755860953921101e-02,0.000000000000000000e+00,1.000000000000000000e+00,0.000000000000000000e+00
7.500000000000004441e-01,8.498023715415020662e-01,4.677419354838707743e-01,4.845360824742268591e-01,1.086956521739130821e-01,0.000000000000000000e+00,0.000000000000000000e+00,5.400000000000000355e-01,8.227848101265822223e-02,3.088737201365188145e-01,8.130081300813007950e-02,2.264150943396231463e-02,1.107518189167340517e-01,0.000000000000000000e+00,0.000000000000000000e+00,1.000000000000000000e+00
4.078947368421053099e-01,1.086956521739130543e-01,3.978494623655912665e-01,4.845360824742268591e-01,3.586956521739129711e-01,1.724137931034482873e-01,7.058823529411760445e-02,8.000000000000000444e-01,3.101265822784809445e-01,5.392491467576790987e-01,8.130081300813007950e-02,1.056603773584905981e-01,2.926434923201293170e-01,0.000000000000000000e+00,0.000000000000000000e+00,1.000000000000000000e+00
1.000000000000005329e-01,0.000000000000000000e+00,6.129032258064515126e-01,5.360824742268042176e-01,1.956521739130435700e-01,5.172413793103448620e-01,4.911764705882352144e-01,5.799999999999999600e-01,3.227848101265822223e-01,1.535836177474402542e-01,5.040650406504065817e-01,3.924528301886792137e-01,1.261115602263540858e-01,0.000000000000000000e+00,1.000000000000000000e+00,0.000000000000000000e+00
7.447368421052629195e-01,1.521739130434782983e-01,7.043010752688170228e-01,7.422680412371134295e-01,1.739130434782608647e-01,6.793103448275863432e-01,7.411764705882351034e-01,1.599999999999999756e-01,4.588607594936708334e-01,1.791808873720136253e-01,7.154471544715448328e-01,7.132075471698113844e-01,1.067097817299919316e-01,0.000000000000000000e+00,1.000000000000000000e+00,0.000000000000000000e+00
4.447368421052635412e-01,1.996047430830039937e-01,4.946236559139782774e-01,6.134020618556701443e-01,1.521739130434782705e-01,1.379310344827586188e-01,4.176470588235293713e-01,6.999999999999999556e-01,3.829113924050631668e-01,1.723549488054607337e-01,3.252032520325203735e-01,4.339622641509433554e-01,1.697655618431689606e-01,0.000000000000000000e+00,1.000000000000000000e+00,0.000000000000000000e+00
6.236842105263158409e-01,6.264822134387352248e-01,6.021505376344085114e-01,6.391752577319587125e-01,3.478260869565218405e-01,2.827586206896551824e-01,1.205882352941176211e-01,5.999999999999999778e-01,3.132911392405062778e-01,5.136518771331057831e-01,1.788617886178862082e-01,1.094339622641509746e-01,3.815683104284559590e-01,0.000000000000000000e+00,0.000000000000000000e+00,1.000000000000000000e+00
6.447368421052632748e-01,1.837944664031620767e-01,6.881720430107527431e-01,6.134020618556701443e-01,2.065217391304348116e-01,5.586206896551725309e-01,2.235294117647058654e-01,7.800000000000000266e-01,5.917721518987342222e-01,8.933447098976109446e-01,7.317073170731708265e-02,1.924528301886792581e-01,2.764753435731608366e-01,0.000000000000000000e+00,0.000000000000000000e+00,1.000000000000000000e+00
5.789473684210530990e-01,5.059288537549406772e-01,4.946236559139782774e-01,4.072164948453608213e-01,3.043478260869566521e-01,2.827586206896551824e-01,1.441176470588234615e-01,9.599999999999999645e-01,4.588607594936708334e-01,7.883959044368600289e-01,6.504065040650414131e-02,9.056603773584909201e-02,3.209377526273241577e-01,0.000000000000000000e+00,0.000000000000000000e+00,1.000000000000000000e+00
3.500000000000000888e-01,6.106719367588933078e-01,5.483870967741935054e-01,5.360824742268042176e-01,1.956521739130435700e-01,4.551724137931034697e-01,1.705882352941176516e-01,7.399999999999999911e-01,1.962025316455696111e-01,5.435153583617747808e-01,6.504065040650414131e-02,1.169811320754717276e-01,1.956345998383185181e-01,0.000000000000000000e+00,0.000000000000000000e+00,1.000000000000000000e+00
3.526315789473684070e-01,3.952569169960473694e-02,0.000000000000000000e+00,0.000000000000000000e+00,1.956521739130435700e-01,3.448275862068965747e-01,6.764705882352937960e-02,3.000000000000000444e-01,0.000000000000000000e+00,5.716723549488053613e-02,4.634146341463414864e-01,2.075471698113207641e-01,1.956345998383185181e-01,0.000000000000000000e+00,1.000000000000000000e+00,0.000000000000000000e+00
1.105263157894738058e-01,3.280632411067193610e-01,5.698924731182795078e-01,4.845360824742268591e-01,2.826086956521739468e-01,6.620689655172413701e-01,7.205882352941175295e-01,3.800000000000000044e-01,4.462025316455696111e-01,1.680887372013651626e-01,2.601626016260162877e-01,8.000000000000000444e-01,2.805173807599029567e-01,0.000000000000000000e+00,1.000000000000000000e+00,0.000000000000000000e+00
4.710526315789476115e-01,5.197628458498024795e-01,5.053763440860212786e-01,4.587628865979380688e-01,1.956521739130435700e-01,1.724137931034482873e-01,9.411764705882351423e-02,5.400000000000000355e-01,1.740506329113923889e-01,7.662116040955631036e-01,1.951219512195122019e-01,1.811320754716981285e-01,3.290218270008083978e-01,0.000000000000000000e+00,0.000000000000000000e+00,1.000000000000000000e+00
2.131578947368422128e-01,2.964426877470355270e-02,6.559139784946235174e-01,3.814432989690721421e-01,2.608695652173912416e-01,4.206896551724138567e-01,5.499999999999999334e-01,1.799999999999999933e-01,6.107594936708860001e-01,1.510238907849829337e-01,2.520325203252033464e-01,6.830188679245283723e-01,1.956345998383185181e-01,0.000000000000000000e+00,1.000000000000000000e+00,0.000000000000000000e+00
5.394736842105265495e-01,6.245059288537549991e-01,5.376344086021502822e-01,5.618556701030927858e-01,4.673913043478260532e-01,1.482758620689655360e-01,3.088235294117646634e-01,4.200000000000000400e-01,2.278481012658227223e-01,6.928327645051194361e-01,7.317073170731708265e-02,2.264150943396231463e-02,2.198868229587711831e-01,0.000000000000000000e+00,0.000000000000000000e+00,1.000000000000000000e+00
3.210526315789477003e-01,6.205533596837945476e-01,4.516129032258064946e-01,4.072164948453608213e-01,4.565217391304349226e-01,1.379310344827586188e-01,1.294117647058823373e-01,3.199999999999999512e-01,2.278481012658227223e-01,5.912969283276451327e-01,1.382113821138211684e-01,2.754716981132075415e-01,4.664510913500403699e-01,0.000000000000000000e+00,0.000000000000000000e+00,1.000000000000000000e+00
8.342105263157892914e-01,2.015810276679842195e-01,5.860215053763440096e-01,2.371134020618556049e-01,4.565217391304349226e-01,7.896551724137932382e-01,8.970588235294116863e-01,4.200000000000000400e-01,4.905063291139239445e-01,4.667235494880546121e-01,4.634146341463414864e-01,5.962264150943397123e-01,9.474535165723524388e-01,1.000000000000000000e+00,0.000000000000000000e+00,0.000000000000000000e+00
7.868421052631577872e-01,1.857707509881423025e-01,4.569892473118277731e-01,2.783505154639175361e-01,2.826086956521739468e-01,5.758620689655172820e-01,5.852941176470587425e-01,2.600000000000000089e-01,4.936708860759492778e-01,2.918088737201365301e-01,4.552845528455285451e-01,8.754716981132075748e-01,6.119644300727566932e-01,1.000000000000000000e+00,0.000000000000000000e+00,0.000000000000000000e+00
5.894736842105263719e-01,6.996047430830040215e-01,4.838709677419352762e-01,4.845360824742268591e-01,5.434782608695652995e-01,2.103448275862069838e-01,1.029411764705881888e-01,5.999999999999999778e-01,2.943037974683544444e-01,7.610921501706483516e-01,8.943089430894307634e-02,1.094339622641509746e-01,4.502829426030720006e-01,0.000000000000000000e+00,0.000000000000000000e+00,1.000000000000000000e+00
8.789473684210524773e-01,2.391304347826087306e-01,6.129032258064515126e-01,3.195876288659794673e-01,4.673913043478260532e-01,9.896551724137931938e-01,9.264705882352940458e-01,2.199999999999999734e-01,5.569620253164557777e-01,5.563139931740613831e-01,3.089430894308943798e-01,8.226415094339623035e-01,9.717057396928051594e-01,1.000000000000000000e+00,0.000000000000000000e+00,0.000000000000000000e+00
4.131578947368423904e-01,1.185770750988142386e-01,2.903225806451612545e-01,4.072164948453608213e-01,1.956521739130435700e-01,1.620689655172413701e-01,2.999999999999999889e-01,3.199999999999999512e-01,2.943037974683544444e-01,9.982935153583619159e-02,4.552845528455285451e-01,5.660377358490564781e-01,2.295877122069523157e-01,0.000000000000000000e+00,1.000000000000000000e+00,0.000000000000000000e+00
6.236842105263158409e-01,7.628458498023715784e-01,8.064516129032255343e-01,7.422680412371134295e-01,4.565217391304349226e-01,3.448275862068965747e-01,1.823529411764705510e-01,2.800000000000000266e-01,2.183544303797468333e-01,6.160409556313992674e-01,1.544715447154471621e-01,2.452830188679245293e-01,2.845594179466450768e-01,0.000000000000000000e+00,0.000000000000000000e+00,1.000000000000000000e+00
4.842105263157896466e-01,7.648221343873519151e-01,6.021505376344085114e-01,5.618556701030927858e-01,1.739130434782608647e-01,2.482758620689655693e-01,9.117647058823528938e-02,6.799999999999999378e-01,1.392405063291138889e-01,5.435153583617747808e-01,4.878048780487809211e-02,2.226415094339622702e-01,2.805173807599029567e-01,0.000000000000000000e+00,0.000000000000000000e+00,1.000000000000000000e+00
6.473684210526315930e-01,1.818181818181818510e-01,4.731182795698924970e-01,6.907216494845360710e-01,1.847826086956522174e-01,3.103448275862068506e-01,4.411764705882352811e-01,2.800000000000000266e-01,1.930379746835442778e-01,2.098976109215016927e-01,4.065040650406504530e-01,5.698113207547168546e-01,1.568310428455941541e-01,0.000000000000000000e+00,1.000000000000000000e+00,0.000000000000000000e+00
6.710526315789473450e-01,3.636363636363636465e-01,7.150537634408600240e-01,7.164948453608248613e-01,3.804347826086956763e-01,1.965517241379310942e-01,1.470588235294117418e-01,5.200000000000000178e-01,3.544303797468353889e-01,6.296928327645051615e-01,2.113821138211381956e-01,2.000000000000000111e-01,3.815683104284559590e-01,0.000000000000000000e+00,0.000000000000000000e+00,1.000000000000000000e+00
3.315789473684209732e-01,4.802371541501976315e-01,4.569892473118277731e-01,3.814432989690721421e-01,1.956521739130435700e-01,6.448275862068966191e-01,7.794117647058822484e-01,6.400000000000000133e-01,7.563291139240506666e-01,8.703071672354947830e-02,7.642276422764227028e-01,5.886792452830189593e-01,1.034761519805982022e-01,0.000000000000000000e+00,1.000000000000000000e+00,0.000000000000000000e+00
3.421052631578951342e-01,4.940711462450594893e-02,3.172043010752687575e-01,2.164948453608247503e-01,7.173913043478260532e-01,3.172413793103447954e-01,4.441176470588235059e-01,4.399999999999999467e-01,7.405063291139240000e-01,1.808873720136518759e-01,4.715447154471545388e-01,3.924528301886792137e-01,3.815683104284559590e-01,0.000000000000000000e+00,1.000000000000000000e+00,0.000000000000000000e+00
3.921052631578949565e-01,3.339920948616601493e-01,4.354838709677417707e-01,5.360824742268042176e-01,1.956521739130435700e-01,5.413793103448275579e-01,5.676470588235292825e-01,2.600000000000000089e-01,2.531645569620252778e-01,6.143344709897610723e-02,3.414634146341463672e-01,5.698113207547168546e-01,3.799514955537589000e-02,0.000000000000000000e+00,1.000000000000000000e+00,0.000000000000000000e+00
6.552631578947369917e-01,4.802371541501976315e-01,7.311827956989247479e-01,6.649484536082475028e-01,2.934782608695652995e-01,1.965517241379310942e-01,5.294117647058822762e-02,7.399999999999999911e-01,4.113924050632911111e-02,2.619453924914675325e-01,3.333333333333333148e-01,2.981132075471698006e-01,1.956345998383185181e-01,0.000000000000000000e+00,0.000000000000000000e+00,1.000000000000000000e+00
1.631578947368423904e-01,1.837944664031620767e-01,6.774193548387095198e-01,7.938144329896907880e-01,1.956521739130435700e-01,3.241379310344827402e-01,3.735294117647058321e-01,5.400000000000000355e-01,2.911392405063291111e-01,1.126279863481228771e-01,7.154471544715448328e-01,7.320754716981132670e-01,2.295877122069523157e-01,0.000000000000000000e+00,1.000000000000000000e+00,0.000000000000000000e+00
6.526315789473686735e-01,2.094861660079051779e-01,6.935483870967740216e-01,4.329896907216495006e-01,4.347826086956522174e-01,4.724137931034483318e-01,6.441176470588233505e-01,3.199999999999999512e-01,3.544303797468353889e-01,2.491467576791809024e-01,5.040650406504065817e-01,6.037735849056604653e-01,6.604688763136621343e-01,1.000000000000000000e+00,0.000000000000000000e+00,0.000000000000000000e+00
5.078947368421058428e-01,5.355731225296443965e-01,5.322580645161290036e-01,4.072164948453608213e-01,3.913043478260870289e-01,1.413793103448275912e-01,1.058823529411764414e-01,5.400000000000000355e-01,1.645569620253164445e-01,3.412969283276450216e-01,1.626016260162602145e-01,1.811320754716981285e-01,3.209377526273241577e-01,0.000000000000000000e+00,0.000000000000000000e+00,1.000000000000000000e+00
4.868421052631584089e-01,4.446640316205534571e-01,5.591397849462365066e-01,4.845360824742268591e-01,3.695652173913043237e-01,1.103448275862069505e-01,2.588235294117646745e-01,2.199999999999999734e-01,1.297468354430379445e-01,3.515358361774744145e-01,2.113821138211381956e-01,5.660377358490559230e-02,2.037186742118027583e-01,0.000000000000000000e+00,0.000000000000000000e+00,1.000000000000000000e+00
